file_name,war_name,start_year,end_year,war_type,war_sub_type,ongoing_war,total_days_in_war,total_participants
war_num_991_5.json,ISIS-al Nusra Front War,2014,2014,Intra-State War,Intercommunal,0.0,,2.0
war_num_992_0.json,Third Al-Houthi Rebellion,2014,2015,Intra-State War,Civil War (for central control),0.0,389.0,2.0
war_num_991_4.json,Afghan-Taliban War,2014,nan,Intra-State War,Civil War (for central control),1.0,,3.0
war_num_993_0.json,Donbas War,2014,nan,Intra-State War,Civil War (over local issues),1.0,,3.0
war_num_997_0.json,Rada'a War,2014,nan,Intra-State War,Intercommunal,1.0,,2.0
war_num_994_0.json,Second Libyan Civil War,2014,nan,Intra-State War,Civil War (for central control),1.0,,2.0
war_num_992_5.json,Somali-Al-Shabaab war,2014,nan,Intra-State War,Civil War (for central control),1.0,,8.0
war_num_990_4.json,Boko Haram in Nigeria,2013,nan,Intra-State War,Civil War (for central control),1.0,-1733.0,5.0
war_num_991_0.json,South Sudan War,2013,nan,Intra-State War,Civil War (for central control),1.0,,3.0
war_num_990_0.json,Central African Republic War,2012,2013,Intra-State War,Civil War (for central control),0.0,105.0,3.0
war_num_985_0.json,North Mali War,2012,2013,Intra-State War,Civil War (over local issues),0.0,411.0,5.0
war_num_976_0.json,Libyan Civil War,2011,2011,Intra-State War,Civil War (for central control),0.0,244.0,8.0
war_num_973_0.json,Second Cote d'Ivoire War,2011,2011,Intra-State War,Civil War (for central control),0.0,49.0,3.0
war_num_980_0.json,Kachin Rebellion,2011,2013,Intra-State War,Civil War (over local issues),0.0,603.0,2.0
war_num_978_0.json,Sudan Revolutionary Front Rebellion,2011,nan,Intra-State War,Civil War (for central control),1.0,,2.0
war_num_977_0.json,Syrian Arab Spring War,2011,nan,Intra-State War,Civil War (for central control),1.0,,1.0
war_num_979_0.json,Syrian Arab Spring War,2011,nan,Intra-State War,Civil War (for central control),1.0,,2.0
war_num_971_0.json,Iraqi Sunni Revolt,2010,2014,Intra-State War,Civil War (for central control),0.0,1372.0,3.0
war_num_941_0.json,Second Al-Houthi Rebellion,2007,2008,Intra-State War,Civil War (for central control),0.0,534.0,2.0
war_num_942_0.json,Second Waziristan War,2007,nan,Intra-State War,Civil War (over local issues),1.0,,3.0
war_num_940_0.json,Third Sri Lanka Tamil War,2006,2009,Intra-State War,Civil War (over local issues),0.0,1031.0,2.0
war_num_940_8.json,Third Somalia War,2006,2012,Intra-State War,Civil War (for central control),0.0,2172.0,8.0
war_num_937_0.json,Chad-United Opposition War,2005,2006,Intra-State War,Civil War (for central control),0.0,359.0,3.0
war_num_936_0.json,Second Philippine - NPA War,2005,2006,Intra-State War,Civil War (for central control),0.0,729.0,2.0
war_num_933_0.json,Second Nigeria Christian - Muslim War,2004,2004,Intra-State War,Intercommunal,0.0,,2.0
war_num_935_0.json,First Al-Houthi Rebellion,2004,2005,Intra-State War,Civil War (for central control),0.0,292.0,2.0
war_num_932_0.json,First Waziristan War,2004,2006,Intra-State War,Civil War (over local issues),0.0,852.0,3.0
war_num_227_0.json,Invasion of Iraq,2003,2003,Inter-State War,,0.0,44.0,4.0
war_num_926_0.json,Third Philippine-Moro War,2003,2003,Intra-State War,Civil War (over local issues),0.0,158.0,2.0
war_num_927_0.json,Darfur Rebellion,2003,2006,Intra-State War,Civil War (over local issues),0.0,1326.0,2.0
war_num_482_0.json,Iraqi Resistance,2003,nan,Extra-State War,Imperial (state vs non-state),1.0,1063.0,11.0
war_num_925_0.json,Cote d'Ivoire Military War,2002,2002,Intra-State War,Civil War (for central control),0.0,28.0,3.0
war_num_922_0.json,Liberia-LURD War,2002,2003,Intra-State War,Civil War (for central control),0.0,,2.0
war_num_920_0.json,Fourth Rwanda War,2001,2001,Intra-State War,Civil War (for central control),0.0,106.0,2.0
war_num_225_0.json,Invasion of Afghanistan,2001,2001,Inter-State War,,0.0,76.0,6.0
war_num_921_0.json,Nepal Maoist Insurgency,2001,2003,Intra-State War,Civil War (for central control),0.0,432.0,2.0
war_num_918_0.json,Third Burundi War,2001,2003,Intra-State War,Civil War (for central control),0.0,972.0,3.0
war_num_481_0.json,Afghan Resistance,2001,nan,Extra-State War,Imperial (state vs non-state),1.0,,8.0
war_num_917_0.json,Guinean War,2000,2001,Intra-State War,Civil War (for central control),0.0,248.0,2.0
war_num_916_0.json,Second Philippine-Moro War,2000,2001,Intra-State War,Civil War (over local issues),0.0,492.0,2.0
war_num_480_0.json,Al Aqsa Intifada,2000,2003,Extra-State War,Colonial (conflict with colony),0.0,1076.0,2.0
war_num_223_0.json,Kargil War,1999,1999,Inter-State War,,0.0,70.0,2.0
war_num_913_0.json,Oromo Liberation War,1999,1999,Intra-State War,Civil War (over local issues),0.0,80.0,2.0
war_num_221_0.json,War for Kosovo,1999,1999,Inter-State War,,0.0,78.0,8.0
war_num_910_0.json,Maluku War,1999,2002,Intra-State War,Intercommunal,0.0,1120.0,2.0
war_num_912_0.json,Second Aceh War,1999,2002,Intra-State War,Civil War (over local issues),0.0,1288.0,2.0
war_num_915_0.json,Second Chechen War,1999,2003,Intra-State War,Civil War (over local issues),0.0,1518.0,2.0
war_num_902_0.json,Guinea-Bissau Military War,1998,1998,Intra-State War,Civil War (for central control),0.0,147.0,4.0
war_num_900_0.json,Kosovo Independence War,1998,1999,Intra-State War,Civil War (over local issues),0.0,388.0,2.0
war_num_908_0.json,Second Congo-Brazzaville War,1998,1999,Intra-State War,Civil War (for central control),0.0,336.0,3.0
war_num_219_0.json,Badme Border,1998,2000,Inter-State War,,0.0,951.0,2.0
war_num_906_0.json,Chad-Togoimi Revolt,1998,2000,Intra-State War,Civil War (for central control),0.0,805.0,2.0
war_num_898_0.json,Second Sierra Leone War,1998,2000,Intra-State War,Civil War (for central control),0.0,1008.0,6.0
war_num_905_0.json,Africa's World War,1998,2002,Intra-State War,Civil War (for central control),0.0,1598.0,11.0
war_num_907_0.json,Third Angolan War,1998,2002,Intra-State War,Civil War (for central control),0.0,1176.0,3.0
war_num_897_0.json,First Congo-Brazzaville War,1997,1997,Intra-State War,Civil War (for central control),0.0,131.0,3.0
war_num_897_5.json,Second Iraqi Kurds Internecine War,1997,1997,Intra-State War,Intercommunal,0.0,43.0,2.0
war_num_479_0.json,Second PKK in Iraq,1997,1997,Extra-State War,Imperial (state vs non-state),0.0,31.0,2.0
war_num_896_0.json,Third Rwanda War,1997,1998,Intra-State War,Civil War (for central control),0.0,592.0,2.0
war_num_893_0.json,Seventh Iraqi Kurds War,1996,1996,Intra-State War,Civil War (over local issues),0.0,53.0,2.0
war_num_895_0.json,Zaire - AFDL War,1996,1997,Intra-State War,Civil War (for central control),0.0,221.0,6.0
war_num_217_0.json,Cenepa Valley,1995,1995,Inter-State War,,0.0,49.0,2.0
war_num_891_0.json,Croatia-Krajina War,1995,1995,Intra-State War,Civil War (over local issues),0.0,,2.0
war_num_886_0.json,Second Rwanda War,1994,1994,Intra-State War,Civil War (for central control),0.0,103.0,2.0
war_num_885_0.json,South Yemeni Secessionist Revolt,1994,1994,Intra-State War,Civil War (over local issues),0.0,136.0,2.0
war_num_887_0.json,First Iraqi Kurds Internecine War,1994,1995,Intra-State War,Intercommunal,0.0,,2.0
war_num_887_5.json,Second Somaliland War,1994,1995,Intra-State War,Intercommunal,0.0,,2.0
war_num_888_0.json,First Chechnya War,1994,1996,Intra-State War,Civil War (over local issues),0.0,629.0,2.0
war_num_882_0.json,Masisi War,1993,1993,Intra-State War,Intercommunal,0.0,,2.0
war_num_216_0.json,Azeri-Armenian,1993,1994,Inter-State War,,0.0,460.0,2.0
war_num_883_0.json,Second Burundi War,1993,1998,Intra-State War,Civil War (for central control),0.0,1733.0,2.0
war_num_881_0.json,Third Khmer Rouge War,1993,1998,Intra-State War,Civil War (for central control),0.0,1910.0,2.0
war_num_215_0.json,Bosnian Independence,1992,1992,Inter-State War,,0.0,36.0,3.0
war_num_874_5.json,First Somaliland War,1992,1992,Intra-State War,Intercommunal,0.0,,2.0
war_num_878_0.json,Abkhazia Revolt,1992,1993,Intra-State War,Civil War (over local issues),0.0,343.0,3.0
war_num_880_0.json,Angolan War of the Cities,1992,1994,Intra-State War,Civil War (for central control),0.0,748.0,2.0
war_num_877_0.json,Bosnian-Serb Rebellion,1992,1995,Intra-State War,Civil War (over local issues),0.0,1201.0,4.0
war_num_879_0.json,Second Liberian War,1992,1995,Intra-State War,Civil War (for central control),0.0,1038.0,6.0
war_num_876_0.json,Tajikistan War,1992,1997,Intra-State War,Civil War (for central control),0.0,1878.0,3.0
war_num_877_5.json,Afghanistan Post-Communist War,1992,2001,Intra-State War,Civil War (for central control),0.0,3387.0,2.0
war_num_875_0.json,Algeria's Islamic Front War,1992,2002,Intra-State War,Civil War (for central control),0.0,,2.0
war_num_874_0.json,Kashmir Insurgency,1992,2005,Intra-State War,Civil War (over local issues),0.0,5113.0,2.0
war_num_862_0.json,Iraqi Shiite Rebellion,1991,1991,Intra-State War,Civil War (for central control),0.0,29.0,2.0
war_num_862_1.json,Sixth Iraqi Kurds War,1991,1991,Intra-State War,Civil War (over local issues),0.0,230.0,2.0
war_num_864_0.json,Croatian Independence War,1991,1992,Intra-State War,Civil War (over local issues),0.0,245.0,2.0
war_num_873_0.json,Dniestrian Independence War,1991,1992,Intra-State War,Civil War (over local issues),0.0,189.0,3.0
war_num_477_0.json,First PKK in Iraq,1991,1992,Extra-State War,Imperial (state vs non-state),0.0,234.0,2.0
war_num_868_0.json,Jukun - Tiv War,1991,1992,Intra-State War,Intercommunal,0.0,,2.0
war_num_866_0.json,SPLM/A Division (Dinka-Nuer) War,1991,1992,Intra-State War,Intercommunal,0.0,179.0,2.0
war_num_871_0.json,Georgia War,1991,1993,Intra-State War,Civil War (for central control),0.0,736.0,2.0
war_num_872_0.json,Nagorno-Karabakh War,1991,1993,Intra-State War,Civil War (over local issues),0.0,407.0,3.0
war_num_863_0.json,First Sierra Leone War,1991,1996,Intra-State War,Civil War (for central control),0.0,1858.0,3.0
war_num_865_8.json,Second Somalia War,1991,1997,Intra-State War,Civil War (for central control),0.0,2302.0,8.0
war_num_865_0.json,Turkey-PKK War,1991,1999,Intra-State War,Civil War (over local issues),0.0,3062.0,2.0
war_num_860_0.json,Bougainville Secessionist War,1990,1991,Intra-State War,Civil War (over local issues),0.0,124.0,2.0
war_num_858_0.json,First Aceh War,1990,1991,Intra-State War,Civil War (over local issues),0.0,,2.0
war_num_211_0.json,Gulf War,1990,1991,Inter-State War,,0.0,252.0,14.0
war_num_859_0.json,Second Sri Lanka Tamil War,1990,1994,Intra-State War,Civil War (over local issues),0.0,1585.0,2.0
war_num_856_0.json,Romanian War,1989,1989,Intra-State War,Civil War (for central control),0.0,8.0,2.0
war_num_852_0.json,Chad - Deby War,1989,1990,Intra-State War,Civil War (for central control),0.0,610.0,2.0
war_num_850_0.json,Fifth Lebanese War,1989,1990,Intra-State War,Civil War (for central control),0.0,606.0,3.0
war_num_857_0.json,First Liberian War,1989,1990,Intra-State War,Civil War (for central control),0.0,339.0,5.0
war_num_854_0.json,Second Khmer Rouge War,1989,1991,Intra-State War,Civil War (for central control),0.0,757.0,2.0
war_num_851_0.json,Second Afghan Civil War,1989,1992,Intra-State War,Civil War (for central control),0.0,1154.0,2.0
war_num_853_0.json,Punjab Rebellion,1989,1993,Intra-State War,Civil War (over local issues),0.0,1460.0,2.0
war_num_848_0.json,First Somalia War,1988,1991,Intra-State War,Civil War (for central control),0.0,975.0,2.0
war_num_849_0.json,FARC/ELN War,1988,2015,Intra-State War,Civil War (for central control),0.0,9827.0,2.0
war_num_208_0.json,Sino-Vietnamese Border War,1987,1987,Inter-State War,,0.0,32.0,2.0
war_num_845_0.json,Second Sri Lanka-JVP War,1987,1989,Intra-State War,Civil War (for central control),0.0,883.0,2.0
war_num_845_5.json,Fourth Guatemala,1987,1990,Intra-State War,Civil War (for central control),0.0,,2.0
war_num_846_0.json,Inkatha-ANC War,1987,1994,Intra-State War,Intercommunal,0.0,2319.0,2.0
war_num_842_0.json,South Yemen War,1986,1986,Intra-State War,Civil War (for central control),0.0,19.0,2.0
war_num_843_0.json,Holy Spirit Movement War,1986,1987,Intra-State War,Civil War (for central control),0.0,381.0,2.0
war_num_207_0.json,War over the Aouzou Strip,1986,1987,Inter-State War,,0.0,300.0,2.0
war_num_840_0.json,Fifth Iraqi Kurds War,1985,1988,Intra-State War,Civil War (over local issues),0.0,,3.0
war_num_837_0.json,Indian Golden Temple War,1984,1984,Intra-State War,Civil War (over local issues),0.0,59.0,2.0
war_num_838_0.json, First Turkish Kurds War,1984,1986,Intra-State War,Civil War (over local issues),0.0,591.0,2.0
war_num_833_0.json,Fourth Lebanese War,1983,1984,Intra-State War,Civil War (for central control),0.0,317.0,6.0
war_num_835_0.json,First Sri Lanka Tamil War,1983,1985,Intra-State War,Civil War (over local issues),0.0,696.0,2.0
war_num_834_0.json,Second South Sudan War,1983,1991,Intra-State War,Civil War (for central control),0.0,3038.0,4.0
war_num_202_0.json,Falkland Islands,1982,1982,Inter-State War,,0.0,82.0,2.0
war_num_826_5.json,Hama Uprising,1982,1982,Intra-State War,Civil War (for central control),0.0,25.0,2.0
war_num_205_0.json,War over Lebanon,1982,1982,Inter-State War,,0.0,147.0,2.0
war_num_828_3.json, Uganda-NRA War,1982,1986,Intra-State War,Civil War (for central control),0.0,,2.0
war_num_828_0.json,Contra War,1982,1988,Intra-State War,Civil War (for central control),0.0,2201.0,2.0
war_num_826_0.json,Tigrean & Eritrean War,1982,1991,Intra-State War,Civil War (over local issues),0.0,3412.0,2.0
war_num_829_0.json,Shining Path War,1982,1992,Intra-State War,Civil War (for central control),0.0,3576.0,2.0
war_num_824_0.json,First Philippines - NPA War,1981,1986,Intra-State War,Civil War (for central control),0.0,2153.0,2.0
war_num_825_0.json,Mozambique War,1981,1992,Intra-State War,Civil War (for central control),0.0,4195.0,6.0
war_num_823_0.json,Nigeria - Muslim War,1980,1981,Intra-State War,Civil War (over local issues),0.0,24.0,2.0
war_num_820_0.json,Chad - FAN War,1980,1984,Intra-State War,Civil War (over local issues),0.0,,5.0
war_num_199_0.json,Iran-Iraq,1980,1988,Inter-State War,,0.0,2889.0,2.0
war_num_476_0.json,Soviet Quagmire,1980,1989,Extra-State War,Imperial (state vs non-state),0.0,3281.0,3.0
war_num_193_0.json,Sino-Vietnamese Punitive,1979,1979,Inter-State War,,0.0,27.0,2.0
war_num_816_0.json,Anti-Khomeini Coalition War,1979,1983,Intra-State War,Civil War (for central control),0.0,,2.0
war_num_475_0.json,Khmer Insurgency,1979,1989,Extra-State War,Imperial (state vs non-state),0.0,3912.0,3.0
war_num_817_0.json,El Salvador War,1979,1992,Intra-State War,Civil War (for central control),0.0,4492.0,2.0
war_num_809_0.json,Saur Revolution,1978,1978,Intra-State War,Civil War (for central control),0.0,1.0,2.0
war_num_807_0.json,Third Lebanese War,1978,1978,Intra-State War,Intercommunal,0.0,238.0,4.0
war_num_810_0.json,Zaire-FNLC War,1978,1978,Intra-State War,Civil War (for central control),0.0,34.0,4.0
war_num_815_5.json,Iranian Islamic Revolution,1978,1979,Intra-State War,Civil War (for central control),0.0,88.0,2.0
war_num_815_0.json,Sandinista Rebellion,1978,1979,Intra-State War,Civil War (for central control),0.0,312.0,2.0
war_num_190_0.json,Ugandian-Tanzanian,1978,1979,Inter-State War,,0.0,165.0,3.0
war_num_812_0.json,Mujahideen Uprising,1978,1980,Intra-State War,Civil War (for central control),0.0,600.0,3.0
war_num_808_0.json,Second Ogaden War phase 3,1978,1980,Intra-State War,Civil War (over local issues),0.0,999.0,4.0
war_num_811_0.json,Third Guatemala War,1978,1983,Intra-State War,Civil War (for central control),0.0,1897.0,2.0
war_num_806_8.json,Chad - FAP War,1977,1978,Intra-State War,Civil War (for central control),0.0,,4.0
war_num_187_0.json,"Second Ogaden War, Phase 2",1977,1978,Inter-State War,,0.0,229.0,3.0
war_num_806_3.json,Second West Papua War,1977,1978,Intra-State War,Civil War (over local issues),0.0,,2.0
war_num_189_0.json,Vietnamese-Cambodian,1977,1979,Inter-State War,,0.0,471.0,2.0
war_num_805_3.json,Anti-Nimeiry Revolt,1976,1976,Intra-State War,Civil War (for central control),0.0,3.0,2.0
war_num_805_0.json,Second Ogaden War phase 1,1976,1977,Intra-State War,Civil War (over local issues),0.0,386.0,3.0
war_num_806_0.json,East Timorese War phase 3,1976,1979,Intra-State War,Civil War (over local issues),0.0,1042.0,2.0
war_num_804_5.json,Rhodesia War,1976,1979,Intra-State War,Civil War (for central control),0.0,1335.0,2.0
war_num_803_0.json,Second Laotian War,1976,1979,Intra-State War,Civil War (over local issues),0.0,,3.0
war_num_804_0.json,Angolan Control War,1976,1991,Intra-State War,Civil War (for central control),0.0,5570.0,4.0
war_num_800_0.json,Argentine Leftists War,1975,1976,Intra-State War,Civil War (for central control),0.0,663.0,2.0
war_num_472_0.json,"East Timorese, Phase 2",1975,1976,Extra-State War,Imperial (state vs non-state),0.0,275.0,2.0
war_num_801_0.json,Second Lebanese War,1975,1976,Intra-State War,Intercommunal,0.0,581.0,3.0
war_num_186_0.json,War over Angola,1975,1976,Inter-State War,,0.0,112.0,4.0
war_num_798_0.json,Eritrean War,1975,1979,Intra-State War,Civil War (over local issues),0.0,,3.0
war_num_474_0.json,Western Saharan,1975,1983,Extra-State War,Imperial (state vs non-state),0.0,2934.0,4.0
war_num_473_0.json,Namibian,1975,1988,Extra-State War,Colonial (conflict with colony),0.0,4806.0,2.0
war_num_184_0.json,Turco-Cypriot,1974,1974,Inter-State War,,0.0,9.0,2.0
war_num_797_0.json,Fourth Iraqi Kurds War,1974,1975,Intra-State War,Civil War (over local issues),0.0,385.0,3.0
war_num_793_0.json,Chilean Coup,1973,1973,Intra-State War,Civil War (for central control),0.0,4.0,2.0
war_num_181_0.json,Yom Kippur War,1973,1973,Inter-State War,,0.0,18.0,6.0
war_num_792_0.json,Baluchi Separatists War,1973,1975,Intra-State War,Civil War (over local issues),0.0,,2.0
war_num_795_0.json,Dhofar Rebellion phase 2,1973,1975,Intra-State War,Civil War (over local issues),0.0,,4.0
war_num_789_0.json,First Burundi War,1972,1972,Intra-State War,Civil War (for central control),0.0,26.0,2.0
war_num_787_0.json,Thai Communist Insurgency,1972,1973,Intra-State War,Civil War (for central control),0.0,,2.0
war_num_788_0.json,Eritrean Split,1972,1974,Intra-State War,Intercommunal,0.0,,2.0
war_num_786_0.json,First Philippine - Moro War,1972,1981,Intra-State War,Civil War (over local issues),0.0,3396.0,2.0
war_num_178_0.json,Bangladesh,1971,1971,Inter-State War,,0.0,14.0,2.0
war_num_783_0.json,First Sri Lanka-JVP War,1971,1971,Intra-State War,Civil War (for central control),0.0,87.0,2.0
war_num_782_0.json,Pakistan - Bengal War,1971,1971,Intra-State War,Civil War (over local issues),0.0,252.0,3.0
war_num_785_0.json,First Khmer Rouge War,1971,1975,Intra-State War,Civil War (for central control),0.0,1230.0,5.0
war_num_780_0.json,Black September War,1970,1970,Intra-State War,Civil War (for central control),0.0,11.0,3.0
war_num_176_0.json,Communist Coalition,1970,1971,Inter-State War,,0.0,466.0,4.0
war_num_778_0.json,Naxalite Rebellion,1970,1971,Intra-State War,Civil War (for central control),0.0,,2.0
war_num_781_0.json,Second Guatemala War,1970,1971,Intra-State War,Civil War (for central control),0.0,306.0,2.0
war_num_175_0.json,Football War,1969,1969,Inter-State War,,0.0,4.0,2.0
war_num_172_0.json,War of Attrition,1969,1970,Inter-State War,,0.0,519.0,2.0
war_num_777_0.json,Third Iraqi Kurds War,1968,1970,Intra-State War,Civil War (over local issues),0.0,,2.0
war_num_776_3.json,First Chad Rebellion,1968,1971,Intra-State War,Civil War (for central control),0.0,1022.0,3.0
war_num_170_0.json,"Second Laotian, Phase 2",1968,1973,Inter-State War,,0.0,1921.0,4.0
war_num_772_0.json,Cultural Revolution phase 1,1967,1967,Intra-State War,Regional/Internal,0.0,238.0,2.0
war_num_169_0.json,Six Day War,1967,1967,Inter-State War,,0.0,5.0,4.0
war_num_776_0.json,Cultural Revolution phase 2,1967,1968,Intra-State War,Civil War (over local issues),0.0,366.0,2.0
war_num_771_5.json,First West Papua War,1967,1968,Intra-State War,Civil War (over local issues),0.0,699.0,2.0
war_num_775_0.json,Biafra War,1967,1970,Intra-State War,Civil War (over local issues),0.0,922.0,2.0
war_num_768_0.json,First Uganda War,1966,1966,Intra-State War,Civil War (over local issues),0.0,9.0,2.0
war_num_770_0.json,First Guatemala War,1966,1968,Intra-State War,Civil War (for central control),0.0,544.0,3.0
war_num_766_0.json,Dominican Republic War,1965,1965,Intra-State War,Civil War (for central control),0.0,135.0,3.0
war_num_166_0.json,Second Kashmir,1965,1965,Inter-State War,,0.0,49.0,2.0
war_num_765_0.json,Second Iraqi Kurds War,1965,1966,Intra-State War,Civil War (over local issues),0.0,444.0,2.0
war_num_163_0.json,"Vietnam War, Phase 2",1965,1975,Inter-State War,,0.0,3734.0,8.0
war_num_767_0.json,Third Burmese War,1965,1980,Intra-State War,Civil War (for central control),0.0,5502.0,3.0
war_num_761_0.json,Second DRC War,1964,1965,Intra-State War,Civil War (over local issues),0.0,725.0,2.0
war_num_762_0.json,Third DRC Rebellion,1964,1965,Intra-State War,Civil War (for central control),0.0,543.0,2.0
war_num_471_0.json,Mozambique-Portuguese,1964,1975,Extra-State War,Colonial (conflict with colony),0.0,3925.0,2.0
war_num_757_0.json,First Ogaden War,1963,1964,Intra-State War,Civil War (over local issues),0.0,,3.0
war_num_760_0.json,First Rwanda War,1963,1964,Intra-State War,Civil War (for central control),0.0,,2.0
war_num_758_0.json,First South Sudan War,1963,1972,Intra-State War,Civil War (over local issues),0.0,3093.0,3.0
war_num_753_0.json,Algerian Revolution,1962,1962,Intra-State War,Civil War (for central control),0.0,132.0,2.0
war_num_160_0.json,Assam,1962,1962,Inter-State War,,0.0,33.0,2.0
war_num_755_0.json,North Yemen War,1962,1970,Intra-State War,Civil War (for central control),0.0,2730.0,3.0
war_num_752_0.json,First Iraqi Kurds War,1961,1963,Intra-State War,Civil War (over local issues),0.0,,3.0
war_num_469_0.json,Angolan-Portuguese,1961,1974,Extra-State War,Colonial (conflict with colony),0.0,5001.0,2.0
war_num_749_0.json,First Laotian War,1960,1962,Intra-State War,Civil War (for central control),0.0,760.0,4.0
war_num_750_0.json,First DRC War,1960,1963,Intra-State War,Civil War (over local issues),0.0,924.0,3.0
war_num_748_0.json,Vietnam War phase 1,1960,1965,Intra-State War,Civil War (for central control),0.0,1847.0,4.0
war_num_747_0.json,Mosul Revolt,1959,1959,Intra-State War,Civil War (for central control),0.0,3.0,2.0
war_num_743_0.json,First Lebanese War,1958,1958,Intra-State War,Civil War (for central control),0.0,87.0,4.0
war_num_159_0.json,Taiwan Straits,1958,1958,Inter-State War,,0.0,92.0,2.0
war_num_745_0.json,Cuban Revolution,1958,1959,Intra-State War,Civil War (for central control),0.0,223.0,2.0
war_num_746_0.json,Second Burmese War,1958,1960,Intra-State War,Civil War (for central control),0.0,,2.0
war_num_742_0.json,Permesta Rebellion,1958,1961,Intra-State War,Civil War (for central control),0.0,1273.0,2.0
war_num_467_0.json,French-Cameroon,1957,1958,Extra-State War,Colonial (conflict with colony),0.0,369.0,2.0
war_num_158_0.json,IfniWar,1957,1958,Inter-State War,,0.0,140.0,3.0
war_num_155_0.json,Sinai War,1956,1956,Inter-State War,,0.0,8.0,4.0
war_num_156_0.json,Soviet Invasion of Hungary,1956,1956,Inter-State War,,0.0,10.0,2.0
war_num_741_5.json,Naga Insurgency phase 1,1956,1957,Intra-State War,Civil War (over local issues),0.0,,2.0
war_num_741_0.json,Tibetan Khamba Rebellion,1956,1959,Intra-State War,Civil War (over local issues),0.0,1139.0,2.0
war_num_740_0.json,Argentine Military War,1955,1955,Intra-State War,Civil War (for central control),0.0,96.0,2.0
war_num_740_5.json,Liangshan Rebellion,1955,1957,Intra-State War,Civil War (over local issues),0.0,,2.0
war_num_739_0.json,La Violencia second wave,1955,1962,Intra-State War,Civil War (for central control),0.0,2758.0,2.0
war_num_153_0.json,Off-shore Islands,1954,1955,Inter-State War,,0.0,232.0,2.0
war_num_466_0.json,Third Franco-Algerian,1954,1962,Extra-State War,Colonial (conflict with colony),0.0,2693.0,2.0
war_num_465_0.json,Moroccan Independence,1953,1956,Extra-State War,Colonial (conflict with colony),0.0,935.0,2.0
war_num_737_0.json,Bolivian National Revolution,1952,1952,Intra-State War,Civil War (for central control),0.0,3.0,2.0
war_num_463_0.json,Franco-Tunisian,1952,1954,Extra-State War,Colonial (conflict with colony),0.0,925.0,2.0
war_num_464_0.json,British-Mau Mau,1952,1956,Extra-State War,Colonial (conflict with colony),0.0,,2.0
war_num_736_0.json,Indonesia Darul Islam Rebellion,1951,1962,Intra-State War,Civil War (for central control),0.0,4172.0,2.0
war_num_734_0.json,South Moluccas War,1950,1950,Intra-State War,Civil War (over local issues),0.0,113.0,2.0
war_num_462_0.json,Third Sino-Tibetan,1950,1950,Extra-State War,Imperial (state vs non-state),0.0,,2.0
war_num_151_0.json,Korean,1950,1953,Inter-State War,,0.0,1129.0,16.0
war_num_733_0.json,Huk Rebellion,1950,1954,Intra-State War,Civil War (over local issues),0.0,1494.0,2.0
war_num_148_0.json,Arab-Israeli,1948,1948,Inter-State War,,0.0,64.0,6.0
war_num_730_0.json,Costa Rica War,1948,1948,Intra-State War,Civil War (for central control),0.0,36.0,2.0
war_num_461_0.json,Indo-Hyderabad,1948,1948,Extra-State War,Imperial (state vs non-state),0.0,4.0,2.0
war_num_728_0.json,Sanaa Revolt,1948,1948,Intra-State War,Civil War (for central control),0.0,24.0,2.0
war_num_730_5.json,First Burmese War,1948,1950,Intra-State War,Civil War (for central control),0.0,982.0,2.0
war_num_732_5.json,Telengana Rebellion,1948,1950,Intra-State War,Civil War (for central control),0.0,821.0,2.0
war_num_731_0.json,La Violencia first wave,1948,1953,Intra-State War,Civil War (for central control),0.0,1982.0,2.0
war_num_460_0.json,Malayan Rebellion,1948,1957,Extra-State War,Colonial (conflict with colony),0.0,3361.0,2.0
war_num_727_0.json,Paraguay War,1947,1947,Intra-State War,Civil War (for central control),0.0,166.0,2.0
war_num_726_0.json,Taiwan Revolt,1947,1947,Intra-State War,Civil War (over local issues),0.0,21.0,2.0
war_num_459_0.json,Third Franco-Madagascan,1947,1948,Extra-State War,Colonial (conflict with colony),0.0,613.0,2.0
war_num_147_0.json,First Kashmir,1947,1949,Inter-State War,,0.0,433.0,2.0
war_num_724_0.json,Greek Civil War round 3,1946,1949,Intra-State War,Civil War (for central control),0.0,1342.0,3.0
war_num_457_0.json,French-Indochina,1946,1954,Extra-State War,Colonial (conflict with colony),0.0,2750.0,2.0
war_num_456_0.json,Indonesian,1945,1946,Extra-State War,Colonial (conflict with colony),0.0,339.0,3.0
war_num_721_0.json,Polish Ukrainians War,1945,1947,Intra-State War,Civil War (over local issues),0.0,924.0,3.0
war_num_722_0.json,Ukrainian Partisans War,1945,1947,Intra-State War,Civil War (over local issues),0.0,967.0,2.0
war_num_723_0.json,Forest Brethren War,1945,1949,Intra-State War,Civil War (over local issues),0.0,1698.0,2.0
war_num_723_5.json,Chinese Civil War phase 2,1945,1950,Intra-State War,Civil War (for central control),0.0,1684.0,2.0
war_num_720_0.json,Greek Civil War round 2,1944,1945,Intra-State War,Civil War (for central control),0.0,39.0,3.0
war_num_719_8.json,Ili Uprising,1944,1945,Intra-State War,Civil War (over local issues),0.0,344.0,2.0
war_num_719_6.json,Weyane Rebellion,1943,1943,Intra-State War,Civil War (over local issues),0.0,148.0,2.0
war_num_145_0.json,Franco-Thai,1940,1941,Inter-State War,,0.0,58.0,2.0
war_num_136_0.json,Nomonhan,1939,1939,Inter-State War,,0.0,128.0,3.0
war_num_142_0.json,Russo-Finnish,1939,1940,Inter-State War,,0.0,103.0,2.0
war_num_719_0.json,KMT-CCP Clashes,1939,1941,Intra-State War,Civil War (for central control),0.0,,2.0
war_num_139_0.json,World War II,1939,1945,Inter-State War,,0.0,2174.0,25.0
war_num_133_0.json,Changkufeng,1938,1938,Inter-State War,,0.0,13.0,2.0
war_num_718_5.json,Dersim Revolt,1937,1938,Intra-State War,Civil War (over local issues),0.0,,2.0
war_num_130_0.json,Third Sino-Japanese,1937,1941,Inter-State War,,0.0,1613.0,2.0
war_num_454_0.json,British-Palestinian,1936,1936,Extra-State War,Colonial (conflict with colony),0.0,,2.0
war_num_455_0.json,Second British-Waziristan,1936,1938,Extra-State War,Imperial (state vs non-state),0.0,409.0,2.0
war_num_718_0.json,Spanish Civil War,1936,1939,Intra-State War,Civil War (for central control),0.0,984.0,6.0
war_num_127_0.json,Conquest of Ethiopia,1935,1936,Inter-State War,,0.0,219.0,2.0
war_num_125_0.json,Saudi-Yemeni,1934,1934,Inter-State War,,0.0,54.0,2.0
war_num_717_0.json,Spanish Miners War,1934,1934,Intra-State War,Civil War (for central control),0.0,14.0,2.0
war_num_716_0.json,Fukien Revolt,1933,1934,Intra-State War,Civil War (for central control),0.0,,2.0
war_num_715_6.json,Xinjiang Hui-Uyghur War,1933,1934,Intra-State War,Intercommunal,0.0,329.0,2.0
war_num_713_0.json,Aprista Revolt,1932,1932,Intra-State War,Civil War (for central control),0.0,71.0,2.0
war_num_712_0.json,Matanza War,1932,1932,Intra-State War,Civil War (for central control),0.0,11.0,2.0
war_num_712_5.json,Mongolian Armed Uprising,1932,1932,Intra-State War,Civil War (over local issues),0.0,,3.0
war_num_715_0.json,Paulista Rebellion,1932,1932,Intra-State War,Civil War (for central control),0.0,87.0,2.0
war_num_711_5.json,Xinjiang Revolt,1932,1934,Intra-State War,Civil War (over local issues),0.0,,3.0
war_num_124_0.json,Chaco,1932,1935,Inter-State War,,0.0,1092.0,2.0
war_num_711_0.json,Kumul Rebellion,1931,1932,Intra-State War,Regional/Internal,0.0,,2.0
war_num_121_0.json,Second Sino-Japanese,1931,1933,Inter-State War,,0.0,520.0,2.0
war_num_708_0.json,Ararat Revolt of  1930,1930,1930,Intra-State War,Civil War (over local issues),0.0,,2.0
war_num_709_0.json,Campaign Against Ibrahim Beg,1930,1931,Intra-State War,Civil War (over local issues),0.0,,2.0
war_num_452_0.json,Yen Bai Uprising,1930,1931,Extra-State War,Colonial (conflict with colony),0.0,,2.0
war_num_453_0.json,Saya San's Rebellion,1930,1932,Extra-State War,Colonial (conflict with colony),0.0,,2.0
war_num_710_0.json,Chinese Civil War phase 1,1930,1936,Intra-State War,Civil War (for central control),0.0,2242.0,2.0
war_num_707_5.json,Central Plains War,1929,1929,Intra-State War,Civil War (for central control),0.0,90.0,2.0
war_num_707_0.json,Escobar Rebellion,1929,1929,Intra-State War,Civil War (for central control),0.0,62.0,2.0
war_num_118_0.json,Manchurian,1929,1929,Inter-State War,,0.0,108.0,2.0
war_num_707_3.json,Ikhwan Revolt,1929,1930,Intra-State War,Civil War (for central control),0.0,286.0,2.0
war_num_705_0.json,Second Afghan Anti-Reform War,1928,1929,Intra-State War,Civil War (for central control),0.0,337.0,2.0
war_num_702_5.json,Second Gansu Muslim Revolt,1928,1929,Intra-State War,Civil War (over local issues),0.0,346.0,2.0
war_num_703_0.json,Ethiopian Northern Resistance,1928,1930,Intra-State War,Civil War (over local issues),0.0,562.0,2.0
war_num_702_0.json,First KMT-CCP War,1927,1927,Intra-State War,Intercommunal,0.0,134.0,2.0
war_num_700_0.json,Chinese Northern Expedition,1926,1928,Intra-State War,Civil War (for central control),0.0,778.0,3.0
war_num_701_0.json,Cristeros Revolt,1926,1929,Intra-State War,Civil War (for central control),0.0,1053.0,2.0
war_num_697_6.json,Shaikh Said's Rebellion,1925,1925,Intra-State War,Civil War (over local issues),0.0,220.0,2.0
war_num_698_0.json,Anti-Fengtien War,1925,1926,Intra-State War,Intercommunal,0.0,149.0,2.0
war_num_697_8.json,Labrang War,1925,1926,Intra-State War,Intercommunal,0.0,,2.0
war_num_451_0.json,Franco-Druze,1925,1927,Extra-State War,Colonial (conflict with colony),0.0,678.0,2.0
war_num_696_0.json,Honduran Conservative War,1924,1924,Intra-State War,Civil War (for central control),0.0,81.0,2.0
war_num_697_3.json,Second Zhili-Fengtien War ,1924,1924,Intra-State War,Civil War (for central control),0.0,61.0,2.0
war_num_697_0.json,First Afghan Anti-Reform War,1924,1925,Intra-State War,Civil War (for central control),0.0,,2.0
war_num_693_0.json,Agrarian Rising,1923,1923,Intra-State War,Civil War (for central control),0.0,5.0,2.0
war_num_695_0.json,De La Huerta Rebellion,1923,1924,Intra-State War,Civil War (for central control),0.0,158.0,2.0
war_num_447_0.json,Italian-Sanusi,1923,1931,Extra-State War,Colonial (conflict with colony),0.0,3095.0,2.0
war_num_692_0.json,First Zhili-Fengtien War,1922,1922,Intra-State War,Civil War (for central control),0.0,6.0,2.0
war_num_690_0.json,Kronstadt Rebellion,1921,1921,Intra-State War,Civil War (for central control),0.0,11.0,2.0
war_num_450_0.json,Moplah Rebellion,1921,1922,Extra-State War,Colonial (conflict with colony),0.0,,2.0
war_num_689_0.json,Simko Rebellion,1921,1922,Intra-State War,Civil War (over local issues),0.0,,2.0
war_num_691_0.json,Far Eastern Republic War,1921,1923,Intra-State War,Civil War (for central control),0.0,593.0,2.0
war_num_449_0.json,Rif Rebellion,1921,1926,Extra-State War,Colonial (conflict with colony),0.0,1821.0,3.0
war_num_444_0.json,Franco-Syrian,1920,1920,Extra-State War,Imperial (state vs non-state),0.0,,2.0
war_num_445_0.json,Iraqi-British,1920,1920,Extra-State War,Colonial (conflict with colony),0.0,134.0,2.0
war_num_117_0.json,Lithuanian-Polish,1920,1920,Inter-State War,,0.0,139.0,2.0
war_num_684_0.json,Second Yunnan-Sichuan War,1920,1920,Intra-State War,Regional/Internal,0.0,,2.0
war_num_685_0.json,Zhili-Anfu War,1920,1920,Intra-State War,Intercommunal,0.0,9.0,2.0
war_num_446_0.json,Conquest of Mongolia,1920,1921,Extra-State War,Imperial (state vs non-state),0.0,316.0,3.0
war_num_685_5.json,Dagestan Rebellion,1920,1921,Intra-State War,Civil War (over local issues),0.0,,2.0
war_num_684_5.json,Gilan Marxists Rebellion,1920,1921,Intra-State War,Civil War (for central control),0.0,524.0,4.0
war_num_686_0.json,Green Rebellion,1920,1921,Intra-State War,Civil War (over local issues),0.0,288.0,2.0
war_num_688_0.json,Italian Fascist War,1920,1922,Intra-State War,Intercommunal,0.0,,2.0
war_num_687_0.json,Bashmachi in Turketsan Revolt,1920,1924,Intra-State War,Civil War (over local issues),0.0,1255.0,2.0
war_num_112_0.json,Hungarian Adversaries,1919,1919,Inter-State War,,0.0,110.0,3.0
war_num_682_0.json,Sparticist Rising,1919,1919,Intra-State War,Intercommunal,0.0,117.0,2.0
war_num_442_0.json,Third British-Afghan,1919,1919,Extra-State War,Imperial (state vs non-state),0.0,97.0,2.0
war_num_443_0.json,First British-Waziristan,1919,1920,Extra-State War,Imperial (state vs non-state),0.0,,2.0
war_num_683_0.json,Hungary's Red and White Terror,1919,1920,Intra-State War,Civil War (for central control),0.0,327.0,2.0
war_num_109_0.json,Russo-Polish,1919,1920,Inter-State War,,0.0,612.0,2.0
war_num_116_0.json,Franco-Turkish,1919,1921,Inter-State War,,0.0,719.0,2.0
war_num_115_0.json,Second Greco-Turkish,1919,1922,Inter-State War,,0.0,1255.0,2.0
war_num_680_0.json,Finnish Civil War,1918,1918,Intra-State War,Civil War (for central control),0.0,108.0,4.0
war_num_440_0.json,Second Sino-Tibetan,1918,1918,Extra-State War,Imperial (state vs non-state),0.0,,2.0
war_num_681_0.json,Western Ukrainian War,1918,1919,Intra-State War,Regional/Internal,0.0,74.0,3.0
war_num_441_0.json,Caco Revolt,1918,1920,Extra-State War,Colonial (conflict with colony),0.0,580.0,2.0
war_num_107_0.json,Estonian Liberation,1918,1920,Inter-State War,,0.0,407.0,3.0
war_num_108_0.json,Latvian Liberation,1918,1920,Inter-State War,,0.0,426.0,4.0
war_num_676_0.json,First Yunnan-Sichuan War,1917,1917,Intra-State War,Regional/Internal,0.0,106.0,2.0
war_num_676_5.json,Southern China Revolt,1917,1918,Intra-State War,Civil War (over local issues),0.0,458.0,2.0
war_num_677_0.json,Russian Civil War,1917,1920,Intra-State War,Civil War (for central control),0.0,1077.0,7.0
war_num_675_5.json,Negus Mikael Revolt,1916,1917,Intra-State War,Civil War (for central control),0.0,324.0,2.0
war_num_675_0.json,Russian Turkestan Revolt,1916,1917,Intra-State War,Civil War (over local issues),0.0,238.0,2.0
war_num_674_0.json,Anti-Monarchy War,1915,1916,Intra-State War,Civil War (for central control),0.0,173.0,2.0
war_num_672_0.json,China Pai Ling (White Wolf) War,1914,1914,Intra-State War,Civil War (over local issues),0.0,,2.0
war_num_672_5.json,Contestado Rebellion,1914,1915,Intra-State War,Civil War (over local issues),0.0,,2.0
war_num_106_0.json,World War I,1914,1918,Inter-State War,,0.0,1566.0,15.0
war_num_673_0.json,Fourth Mexican War,1914,1920,Intra-State War,Civil War (for central control),0.0,2094.0,3.0
war_num_437_0.json,Moro Rebellion,1913,1913,Extra-State War,Colonial (conflict with colony),0.0,133.0,2.0
war_num_103_0.json,Second Balkan,1913,1913,Inter-State War,,0.0,30.0,5.0
war_num_665_0.json,Second Nationalist Revolution,1913,1913,Intra-State War,Civil War (over local issues),0.0,51.0,2.0
war_num_436_0.json,Moroccan Berber,1913,1915,Extra-State War,Colonial (conflict with colony),0.0,781.0,3.0
war_num_667_0.json,Ecuadorian Civil War,1913,1916,Intra-State War,Civil War (for central control),0.0,1086.0,2.0
war_num_658_0.json,Cuban Black Uprising,1912,1912,Intra-State War,Civil War (over local issues),0.0,59.0,2.0
war_num_434_0.json,French-Berber,1912,1912,Extra-State War,Colonial (conflict with colony),0.0,159.0,2.0
war_num_657_3.json,War of Ecuadorian Generals,1912,1912,Intra-State War,Civil War (for central control),0.0,11.0,2.0
war_num_100_0.json,First Balkan,1912,1913,Inter-State War,,0.0,184.0,4.0
war_num_435_0.json,First Sino-Tibetan,1912,1913,Extra-State War,Colonial (conflict with colony),0.0,,2.0
war_num_657_0.json,First Nationalist Revolution,1911,1911,Intra-State War,Civil War (for central control),0.0,68.0,2.0
war_num_656_0.json,Paraguayan Radical Liberal Rebellion,1911,1911,Intra-State War,Civil War (for central control),0.0,34.0,2.0
war_num_97_0.json,Italian-Turkish,1911,1912,Inter-State War,,0.0,385.0,2.0
war_num_650_8.json,Hawran Druze Rebellion,1910,1910,Intra-State War,Civil War (over local issues),0.0,58.0,2.0
war_num_650_0.json,Second Albanian Revolt,1910,1912,Intra-State War,Civil War (over local issues),0.0,,2.0
war_num_652_0.json,Third Mexican War,1910,1914,Intra-State War,Civil War (for central control),0.0,1337.0,3.0
war_num_648_0.json,Young Turks Counter-Coup,1909,1909,Intra-State War,Civil War (for central control),0.0,33.0,2.0
war_num_647_5.json,Asir-Yemen Revolt,1909,1910,Intra-State War,Civil War (over local issues),0.0,,2.0
war_num_649_0.json,Bluefields Insurrection,1909,1910,Intra-State War,Civil War (for central control),0.0,314.0,2.0
war_num_94_0.json,Second Spanish-Moroccan,1909,1910,Inter-State War,,0.0,259.0,2.0
war_num_433_0.json,French Conquest of Wadai,1909,1911,Extra-State War,Imperial (state vs non-state),0.0,,2.0
war_num_647_0.json,Iranian Constitution War,1908,1909,Intra-State War,Civil War (for central control),0.0,389.0,3.0
war_num_91_0.json,Fourth Central American,1907,1907,Inter-State War,,0.0,63.0,3.0
war_num_645_0.json,Romanian Peasant Revolt,1907,1907,Intra-State War,Civil War (for central control),0.0,45.0,2.0
war_num_646_0.json,Hafiziyya Uprising,1907,1908,Intra-State War,Civil War (for central control),0.0,371.0,3.0
war_num_431_0.json,Anti-Foreign Revolt,1907,1910,Extra-State War,Imperial (state vs non-state),0.0,,2.0
war_num_430_0.json,Dembos War,1907,1910,Extra-State War,Imperial (state vs non-state),0.0,,2.0
war_num_432_0.json,Japan-Korean Guerrillas,1907,1910,Extra-State War,Colonial (conflict with colony),0.0,1111.0,2.0
war_num_427_0.json,Sokoto Uprising,1906,1906,Extra-State War,Colonial (conflict with colony),0.0,,2.0
war_num_429_0.json,Third British-Zulu,1906,1906,Extra-State War,Colonial (conflict with colony),0.0,97.0,2.0
war_num_88_0.json,Third Central American,1906,1906,Inter-State War,,0.0,54.0,3.0
war_num_643_0.json,Bloody Sunday War,1905,1906,Intra-State War,Civil War (for central control),0.0,344.0,2.0
war_num_426_0.json,Maji-Maji Revolt,1905,1906,Extra-State War,Colonial (conflict with colony),0.0,,2.0
war_num_641_0.json,First Uruguay War,1904,1904,Intra-State War,Civil War (for central control),0.0,253.0,2.0
war_num_641_5.json,Saudi Revolt,1904,1904,Intra-State War,Civil War (over local issues),0.0,142.0,2.0
war_num_425_0.json,Younghusband Expedition,1904,1904,Extra-State War,Imperial (state vs non-state),0.0,160.0,2.0
war_num_85_0.json,Russo-Japanese,1904,1905,Inter-State War,,0.0,585.0,2.0
war_num_423_0.json,South West African Revolt,1904,1906,Extra-State War,Colonial (conflict with colony),0.0,843.0,2.0
war_num_424_0.json,Second Dutch-Achinese,1904,1907,Extra-State War,Colonial (conflict with colony),0.0,,2.0
war_num_422_0.json,British Conquest of Kano & Sokoto,1903,1903,Extra-State War,Imperial (state vs non-state),0.0,179.0,2.0
war_num_639_0.json,Third Yemeni Imamate Rebellion,1902,1902,Intra-State War,Civil War (over local issues),0.0,,2.0
war_num_420_0.json,Bailundu Revolt,1902,1903,Extra-State War,Imperial (state vs non-state),0.0,,2.0
war_num_640_0.json,Ilinden War,1902,1903,Intra-State War,Civil War (over local issues),0.0,,2.0
war_num_421_0.json,Kuanhama Rebellion,1902,1904,Extra-State War,Imperial (state vs non-state),0.0,,2.0
war_num_638_0.json,Fifth Venezuelan War,1901,1903,Intra-State War,Civil War (for central control),0.0,579.0,2.0
war_num_419_0.json,Somali Rebellion,1901,1904,Extra-State War,Colonial (conflict with colony),0.0,1126.0,3.0
war_num_82_0.json,Boxer Rebellion,1900,1900,Inter-State War,,0.0,58.0,6.0
war_num_417_0.json,Last Ashanti War,1900,1900,Extra-State War,Imperial (state vs non-state),0.0,181.0,2.0
war_num_83_0.json,Sino-Russian,1900,1900,Inter-State War,,0.0,85.0,2.0
war_num_633_0.json,Fourth Venezuelan War,1899,1899,Intra-State War,Civil War (for central control),0.0,143.0,2.0
war_num_415_0.json,French Conquest of Chad,1899,1900,Extra-State War,Imperial (state vs non-state),0.0,279.0,2.0
war_num_635_0.json,Second Yaqui War,1899,1900,Intra-State War,Civil War (over local issues),0.0,181.0,2.0
war_num_637_0.json,Quintana Roo War,1899,1901,Intra-State War,Civil War (over local issues),0.0,,2.0
war_num_414_0.json,American-Philippine,1899,1902,Extra-State War,Colonial (conflict with colony),0.0,1245.0,2.0
war_num_636_0.json,Colombian War of the Thousand Days,1899,1902,Intra-State War,Civil War (for central control),0.0,1130.0,4.0
war_num_416_0.json,Second Boer War,1899,1902,Extra-State War,Imperial (state vs non-state),0.0,962.0,2.0
war_num_413_0.json,Hut Tax,1898,1898,Extra-State War,Colonial (conflict with colony),0.0,,2.0
war_num_632_3.json,Revoluci√≥n de Queipa,1898,1898,Intra-State War,Civil War (for central control),0.0,119.0,2.0
war_num_79_0.json,Spanish-American,1898,1898,Inter-State War,,0.0,112.0,2.0
war_num_632_6.json,Second Yemeni Imamate Rebellion,1898,1899,Intra-State War,Civil War (over local issues),0.0,,2.0
war_num_411_0.json,British-South Nigerian,1897,1897,Extra-State War,Imperial (state vs non-state),0.0,50.0,2.0
war_num_76_0.json,Greco-Turkish,1897,1897,Inter-State War,,0.0,93.0,2.0
war_num_412_0.json,British-Pathan,1897,1898,Extra-State War,Colonial (conflict with colony),0.0,224.0,2.0
war_num_631_5.json,Ecuadorian Conservative Revolt,1896,1896,Intra-State War,Civil War (for central control),0.0,88.0,2.0
war_num_632_0.json,Canudos Revolt,1896,1897,Intra-State War,Civil War (over local issues),0.0,369.0,2.0
war_num_631_0.json,Second Cretan War,1896,1897,Intra-State War,Civil War (over local issues),0.0,341.0,2.0
war_num_410_0.json,Spanish-Philippine,1896,1898,Extra-State War,Colonial (conflict with colony),0.0,609.0,2.0
war_num_409_0.json,Second British-Mahdi,1896,1899,Extra-State War,Imperial (state vs non-state),0.0,1265.0,2.0
war_num_627_0.json,Ecuador Liberals War,1895,1895,Intra-State War,Civil War (for central control),0.0,222.0,2.0
war_num_405_0.json,Japan-Taiwanese,1895,1895,Extra-State War,Colonial (conflict with colony),0.0,145.0,2.0
war_num_403_0.json,Portuguese-Gaza Empire,1895,1895,Extra-State War,Imperial (state vs non-state),0.0,330.0,2.0
war_num_626_0.json,Sixth Colombian War,1895,1895,Intra-State War,Civil War (for central control),0.0,45.0,2.0
war_num_630_2.json,Armenian Hunchak Uprising,1895,1896,Intra-State War,Civil War (over local issues),0.0,101.0,2.0
war_num_630_0.json,Druze Rebellion,1895,1896,Intra-State War,Civil War (over local issues),0.0,,2.0
war_num_628_0.json,First Gansu Muslim War,1895,1896,Intra-State War,Civil War (over local issues),0.0,,2.0
war_num_406_0.json,Mazrui Rebellion,1895,1896,Extra-State War,Imperial (state vs non-state),0.0,293.0,2.0
war_num_407_0.json,Second Italian-Ethiopian,1895,1896,Extra-State War,Imperial (state vs non-state),0.0,319.0,2.0
war_num_404_0.json,Second Spanish-Cuban,1895,1898,Extra-State War,Colonial (conflict with colony),0.0,1152.0,2.0
war_num_402_0.json,Second Dutch-Bali,1894,1894,Extra-State War,Imperial (state vs non-state),0.0,,2.0
war_num_623_0.json,Tonghak Rebellion phase 1,1894,1894,Intra-State War,Civil War (over local issues),0.0,79.0,3.0
war_num_73_0.json,First Sino-Japanese,1894,1895,Inter-State War,,0.0,248.0,2.0
war_num_401_0.json,Second Franco-Madagascan,1894,1895,Extra-State War,Imperial (state vs non-state),0.0,472.0,2.0
war_num_625_0.json,Third Peru War,1894,1895,Intra-State War,Civil War (for central control),0.0,146.0,2.0
war_num_620_0.json,Brazil Federalists War,1893,1894,Intra-State War,Civil War (for central control),0.0,575.0,2.0
war_num_621_0.json,Brazil Naval War,1893,1894,Intra-State War,Civil War (for central control),0.0,222.0,2.0
war_num_400_0.json,Mahdist-Italian,1893,1894,Extra-State War,Imperial (state vs non-state),0.0,203.0,2.0
war_num_399_0.json,Melilla War,1893,1894,Extra-State War,Imperial (state vs non-state),0.0,157.0,2.0
war_num_398_0.json,Third British-Ashanti,1893,1894,Extra-State War,Imperial (state vs non-state),0.0,,2.0
war_num_619_0.json,Venezuela's Legalist Revolution,1892,1892,Intra-State War,Civil War (for central control),0.0,209.0,2.0
war_num_396_0.json,Second Franco-Dahomeyan,1892,1893,Extra-State War,Imperial (state vs non-state),0.0,416.0,2.0
war_num_397_0.json,Belgian-Tib,1892,1894,Extra-State War,Imperial (state vs non-state),0.0,,2.0
war_num_617_0.json,Chilean Congressist War,1891,1891,Intra-State War,Civil War (for central control),0.0,234.0,2.0
war_num_618_0.json,Zaili-Jinden Revolt,1891,1891,Intra-State War,Civil War (for central control),0.0,35.0,2.0
war_num_616_5.json,Campos Mutiny,1890,1890,Intra-State War,Civil War (for central control),0.0,3.0,2.0
war_num_394_0.json,First Franco-Dahomeyan,1890,1890,Extra-State War,Imperial (state vs non-state),0.0,50.0,2.0
war_num_395_0.json,Franco-Jolof,1890,1891,Extra-State War,Imperial (state vs non-state),0.0,,2.0
war_num_616_0.json,First Yemeni Imamate Rebellion,1890,1892,Intra-State War,Civil War (over local issues),0.0,,2.0
war_num_393_0.json,Zambezi Conquest,1888,1888,Extra-State War,Imperial (state vs non-state),0.0,,2.0
war_num_392_0.json,First Italian-Ethiopian,1887,1887,Extra-State War,Imperial (state vs non-state),0.0,,2.0
war_num_613_0.json,Peru's National Problem,1885,1885,Intra-State War,Civil War (over local issues),0.0,70.0,2.0
war_num_390_0.json,Russo-Afghan,1885,1885,Extra-State War,Imperial (state vs non-state),0.0,,2.0
war_num_70_0.json,Second Central American,1885,1885,Inter-State War,,0.0,18.0,2.0
war_num_391_0.json,Serbian-Bulgarian,1885,1885,Extra-State War,Imperial (state vs non-state),0.0,35.0,2.0
war_num_389_0.json,French-Mandinka,1885,1886,Extra-State War,Imperial (state vs non-state),0.0,,2.0
war_num_387_0.json,Third British-Burmese,1885,1889,Extra-State War,Imperial (state vs non-state),0.0,,2.0
war_num_612_0.json,Fifth Colombian War,1884,1885,Intra-State War,Civil War (for central control),0.0,336.0,2.0
war_num_67_0.json,Sino-French,1884,1885,Inter-State War,,0.0,359.0,2.0
war_num_611_0.json,Haitian Civil War,1883,1884,Intra-State War,Civil War (for central control),0.0,287.0,2.0
war_num_386_0.json,First Franco-Madagascan,1883,1885,Extra-State War,Imperial (state vs non-state),0.0,950.0,2.0
war_num_65_0.json,Conquest of Egypt,1882,1882,Inter-State War,,0.0,66.0,2.0
war_num_385_0.json,Third Franco-Vietnamese,1882,1884,Extra-State War,Imperial (state vs non-state),0.0,781.0,3.0
war_num_383_0.json,Franco-Tunisian,1881,1882,Extra-State War,Imperial (state vs non-state),0.0,,2.0
war_num_610_5.json,Mahdist Rebellion phase 1,1881,1882,Intra-State War,Civil War (over local issues),0.0,398.0,2.0
war_num_384_0.json,First British-Mahdi,1881,1885,Extra-State War,Colonial (conflict with colony),0.0,,3.0
war_num_610_0.json,Fourth Buenos Aires War,1880,1880,Intra-State War,Civil War (over local issues),0.0,10.0,2.0
war_num_382_0.json,First Boer War,1880,1881,Extra-State War,Colonial (conflict with colony),0.0,110.0,2.0
war_num_381_0.json,Gun War,1880,1881,Extra-State War,Colonial (conflict with colony),0.0,,2.0
war_num_609_0.json,Revindication War,1879,1879,Intra-State War,Civil War (for central control),0.0,41.0,2.0
war_num_380_0.json,Second British-Zulu,1879,1879,Extra-State War,Imperial (state vs non-state),0.0,174.0,2.0
war_num_64_0.json,War of the Pacific,1879,1883,Inter-State War,,0.0,1761.0,3.0
war_num_377_0.json,Austrian-Bosnian,1878,1878,Extra-State War,Imperial (state vs non-state),0.0,64.0,2.0
war_num_608_0.json,Argentine Indians War,1878,1879,Intra-State War,Civil War (over local issues),0.0,214.0,2.0
war_num_375_0.json,Egypt-Sudanese Slavers,1878,1879,Extra-State War,Imperial (state vs non-state),0.0,,2.0
war_num_379_0.json,Second British-Afghan,1878,1879,Extra-State War,Imperial (state vs non-state),0.0,186.0,2.0
war_num_376_0.json,Russo-Turkoman,1878,1881,Extra-State War,Imperial (state vs non-state),0.0,,2.0
war_num_607_0.json,Satsuma Rebellion,1877,1877,Intra-State War,Civil War (for central control),0.0,238.0,2.0
war_num_61_0.json,Second Russo-Turkish,1877,1878,Inter-State War,,0.0,282.0,2.0
war_num_374_0.json,Third British-Xhosa,1877,1878,Extra-State War,Colonial (conflict with colony),0.0,,2.0
war_num_602_0.json,Diaz Revolt,1876,1876,Intra-State War,Civil War (for central control),0.0,313.0,2.0
war_num_606_0.json,Ecuador's Veintemilla Revolt,1876,1876,Intra-State War,Civil War (for central control),0.0,109.0,2.0
war_num_60_0.json,First Central American,1876,1876,Inter-State War,,0.0,29.0,2.0
war_num_605_0.json,Fourth Colombian War,1876,1877,Intra-State War,Civil War (for central control),0.0,268.0,2.0
war_num_373_0.json,Serbian-Turkish,1876,1877,Extra-State War,Imperial (state vs non-state),0.0,297.0,2.0
war_num_603_0.json,Defeat of Xinjiang Muslims,1876,1878,Intra-State War,Civil War (over local issues),0.0,,2.0
war_num_601_0.json,Bosnia and Bulgaria Revolt,1875,1876,Intra-State War,Civil War (over local issues),0.0,365.0,2.0
war_num_372_0.json,Egyptian-Ethiopian,1875,1876,Extra-State War,Imperial (state vs non-state),0.0,,2.0
war_num_371_0.json,Kokand Rebellion,1875,1876,Extra-State War,Imperial (state vs non-state),0.0,203.0,2.0
war_num_600_0.json,Mitre Rebellion,1874,1874,Intra-State War,Civil War (for central control),0.0,74.0,2.0
war_num_597_5.json,Second Entre Rios War,1873,1873,Intra-State War,Civil War (over local issues),0.0,236.0,2.0
war_num_598_0.json,Catonalist Uprising,1873,1874,Intra-State War,Civil War (over local issues),0.0,178.0,2.0
war_num_367_0.json,Second British-Ashanti,1873,1874,Extra-State War,Imperial (state vs non-state),0.0,,2.0
war_num_369_0.json,Second Franco-Vietnamese,1873,1874,Extra-State War,Imperial (state vs non-state),0.0,,2.0
war_num_370_0.json,First Dutch-Achinese,1873,1878,Extra-State War,Imperial (state vs non-state),0.0,2027.0,2.0
war_num_597_0.json,Third Carlist War,1872,1876,Intra-State War,Civil War (for central control),0.0,1408.0,2.0
war_num_596_0.json,Paris Commune War,1871,1871,Intra-State War,Civil War (for central control),0.0,72.0,2.0
war_num_366_0.json,Second Franco-Algerian,1871,1872,Extra-State War,Colonial (conflict with colony),0.0,,2.0
war_num_596_7.json,Second Kashgarian - Tungan War,1871,1872,Intra-State War,Intercommunal,0.0,,2.0
war_num_592_7.json,First Kashgarian - Tungan War,1870,1870,Intra-State War,Intercommunal,0.0,,2.0
war_num_595_0.json,Bolivia-Criollos War,1870,1871,Intra-State War,Civil War (for central control),0.0,77.0,2.0
war_num_593_0.json,First Entre Rios War,1870,1871,Intra-State War,Civil War (over local issues),0.0,297.0,2.0
war_num_58_0.json,Franco-Prussian,1870,1871,Inter-State War,,0.0,222.0,5.0
war_num_365_0.json,Ottoman Conquest of Arabia,1870,1872,Extra-State War,Imperial (state vs non-state),0.0,761.0,2.0
war_num_364_0.json,Attack on Bahr el-Ghazal,1869,1870,Extra-State War,Imperial (state vs non-state),0.0,,2.0
war_num_592_5.json,Venezuelan Yellow Revolution,1869,1872,Intra-State War,Civil War (for central control),0.0,996.0,2.0
war_num_591_0.json,Spainish Liberals War,1868,1868,Intra-State War,Civil War (for central control),0.0,11.0,2.0
war_num_592_0.json,Guerre des Cacos,1868,1869,Intra-State War,Civil War (for central control),0.0,394.0,2.0
war_num_588_0.json,Meiji Restoration,1868,1869,Intra-State War,Civil War (for central control),0.0,517.0,2.0
war_num_363_0.json,First Spanish-Cuban,1868,1878,Extra-State War,Colonial (conflict with colony),0.0,3411.0,2.0
war_num_586_5.json,Kashgar-Khotan War,1867,1867,Intra-State War,Intercommunal,0.0,,2.0
war_num_587_0.json,Queretaro War,1867,1867,Intra-State War,Civil War (for central control),0.0,135.0,2.0
war_num_362_0.json,British-Ethiopian,1867,1868,Extra-State War,Imperial (state vs non-state),0.0,,2.0
war_num_587_8.json,Venezualan Blue Revolution,1867,1868,Intra-State War,Civil War (for central control),0.0,234.0,2.0
war_num_361_0.json,Russian-Bukharan,1866,1866,Extra-State War,Imperial (state vs non-state),0.0,279.0,2.0
war_num_55_0.json,Seven Weeks,1866,1866,Inter-State War,,0.0,41.0,11.0
war_num_585_0.json,Yellow Cliff Revolt,1866,1866,Intra-State War,Civil War (over local issues),0.0,,2.0
war_num_586_0.json,Third Argentina War,1866,1867,Intra-State War,Civil War (for central control),0.0,340.0,2.0
war_num_583_0.json,First Cretan War,1866,1868,Intra-State War,Civil War (over local issues),0.0,855.0,2.0
war_num_360_0.json,British-Bhutanese,1865,1865,Extra-State War,Imperial (state vs non-state),0.0,,2.0
war_num_582_5.json,Constitutionalist Rebellion,1865,1866,Intra-State War,Civil War (for central control),0.0,365.0,2.0
war_num_52_0.json,Naval War,1865,1866,Inter-State War,,0.0,226.0,3.0
war_num_46_0.json,Second Schleswig-Holstein,1864,1864,Inter-State War,,0.0,84.0,3.0
war_num_582_3.json,Kanto Insurrection,1864,1865,Intra-State War,Civil War (for central control),0.0,197.0,2.0
war_num_359_0.json,Russian-Kokand,1864,1865,Extra-State War,Imperial (state vs non-state),0.0,419.0,2.0
war_num_581_0.json,Sahil Revolt,1864,1865,Intra-State War,Civil War (over local issues),0.0,,2.0
war_num_582_0.json,Xinjiang Muslim Revolt,1864,1866,Intra-State War,Civil War (over local issues),0.0,676.0,2.0
war_num_49_0.json,Lopez,1864,1870,Inter-State War,,0.0,1935.0,3.0
war_num_580_5.json,Bandit War,1863,1863,Intra-State War,Civil War (over local issues),0.0,,2.0
war_num_357_0.json,British Umbeyla Campaign,1863,1863,Extra-State War,Imperial (state vs non-state),0.0,62.0,2.0
war_num_43_0.json,Ecuadorian-Colombian,1863,1863,Inter-State War,,0.0,14.0,2.0
war_num_580_0.json,Second Argentina War,1863,1863,Intra-State War,Civil War (for central control),0.0,226.0,2.0
war_num_579_0.json,Second Polish War,1863,1864,Intra-State War,Civil War (over local issues),0.0,453.0,2.0
war_num_356_0.json,Shimonoseki War,1863,1864,Extra-State War,Imperial (state vs non-state),0.0,440.0,5.0
war_num_353_0.json,Spanish-Santo Dominican,1863,1865,Extra-State War,Colonial (conflict with colony),0.0,,2.0
war_num_355_0.json,British-Maori,1863,1866,Extra-State War,Colonial (conflict with colony),0.0,955.0,2.0
war_num_578_0.json,Bolivan Perez Rebellion,1862,1862,Intra-State War,Civil War (for central control),0.0,43.0,2.0
war_num_577_0.json,Minnesota-Sioux- War,1862,1862,Intra-State War,Regional/Internal,0.0,43.0,2.0
war_num_40_0.json,Franco-Mexican,1862,1867,Inter-State War,,0.0,1756.0,2.0
war_num_576_0.json,Tungan Rebellion,1862,1873,Intra-State War,Civil War (over local issues),0.0,4204.0,2.0
war_num_573_0.json,Third Buenos Aires War,1861,1862,Intra-State War,Civil War (for central control),0.0,213.0,2.0
war_num_575_0.json,Third Turco-Montenegrin War,1861,1862,Intra-State War,Civil War (over local issues),0.0,349.0,2.0
war_num_572_0.json,U.S. Civil War,1861,1865,Intra-State War,Civil War (over local issues),0.0,1490.0,2.0
war_num_352_0.json,Garibaldi Expedition,1860,1860,Extra-State War,Imperial (state vs non-state),0.0,156.0,2.0
war_num_34_0.json,Italian-Roman,1860,1860,Inter-State War,,0.0,18.0,2.0
war_num_566_0.json,Third Maronite-Druze War,1860,1860,Intra-State War,Intercommunal,0.0,47.0,2.0
war_num_37_0.json,Neapolitan,1860,1861,Inter-State War,,0.0,121.0,2.0
war_num_565_0.json,Third Colombian War,1860,1862,Intra-State War,Civil War (for central control),0.0,964.0,2.0
war_num_567_0.json,Taiping Rebellion phase 2,1860,1866,Intra-State War,Civil War (for central control),0.0,1933.0,3.0
war_num_568_0.json,Second Nien Revolt ,1860,1868,Intra-State War,Civil War (over local issues),0.0,2852.0,2.0
war_num_570_0.json,Miao Rebellion phase 2,1860,1872,Intra-State War,Civil War (over local issues),0.0,,2.0
war_num_571_0.json,Panthay Rebellion phase 2,1860,1874,Intra-State War,Civil War (over local issues),0.0,4939.0,2.0
war_num_351_0.json,Argentine-Buenos Aires,1859,1859,Extra-State War,Imperial (state vs non-state),0.0,147.0,2.0
war_num_562_5.json,Constituent Revolution ,1859,1859,Intra-State War,Civil War (for central control),0.0,127.0,2.0
war_num_28_0.json,Italian Unification,1859,1859,Inter-State War,,0.0,74.0,3.0
war_num_31_0.json,First Spanish-Moroccan,1859,1860,Inter-State War,,0.0,155.0,2.0
war_num_350_0.json,Netherlands-Bone,1859,1860,Extra-State War,Imperial (state vs non-state),0.0,334.0,2.0
war_num_563_0.json,Venezuelan Federal War,1859,1863,Intra-State War,Civil War (for central control),0.0,1553.0,2.0
war_num_562_0.json,Second Turco-Montenegrin War,1858,1858,Intra-State War,Civil War (over local issues),0.0,10.0,2.0
war_num_561_0.json,Mexican Reform,1858,1861,Intra-State War,Civil War (for central control),0.0,1052.0,2.0
war_num_349_0.json,First Franco-Vietnamese,1858,1862,Extra-State War,Imperial (state vs non-state),0.0,1374.0,2.0
war_num_347_0.json,Indian Mutiny,1857,1859,Extra-State War,Colonial (conflict with colony),0.0,697.0,2.0
war_num_342_0.json,Hodeida Seige,1856,1856,Extra-State War,Colonial (conflict with colony),0.0,31.0,2.0
war_num_25_0.json,Anglo-Persian,1856,1857,Inter-State War,,0.0,162.0,2.0
war_num_345_0.json,French Conquest of Kabylia,1856,1857,Extra-State War,Colonial (conflict with colony),0.0,,2.0
war_num_560_0.json,Second Peru War,1856,1858,Intra-State War,Civil War (for central control),0.0,492.0,2.0
war_num_343_0.json,Second Opium,1856,1860,Extra-State War,Imperial (state vs non-state),0.0,1463.0,3.0
war_num_341_0.json,British-Santal,1855,1856,Extra-State War,Colonial (conflict with colony),0.0,,2.0
war_num_557_9.json,Libyan Insurrection,1855,1856,Intra-State War,Civil War (over local issues),0.0,,2.0
war_num_558_0.json,Puebla War,1855,1856,Intra-State War,Civil War (for central control),0.0,101.0,2.0
war_num_557_8.json,Barquisimeto Rebellion,1854,1854,Intra-State War,Civil War (for central control),0.0,34.0,2.0
war_num_557_3.json,Colombia's Barracks Rebellion,1854,1854,Intra-State War,Civil War (for central control),0.0,229.0,2.0
war_num_557_1.json,Epirus Revolt,1854,1854,Intra-State War,Civil War (over local issues),0.0,92.0,2.0
war_num_557_2.json,Greek Nationalists of Macedonia War,1854,1854,Intra-State War,Civil War (over local issues),0.0,,2.0
war_num_340_0.json,French-Tukulor War,1854,1857,Extra-State War,Imperial (state vs non-state),0.0,,2.0
war_num_557_0.json,Peruvian Liberal Revolution,1853,1855,Intra-State War,Civil War (for central control),0.0,443.0,2.0
war_num_22_0.json,Crimean,1853,1856,Inter-State War,,0.0,860.0,5.0
war_num_555_8.json,Druze Rebellion,1852,1852,Intra-State War,Civil War (over local issues),0.0,48.0,2.0
war_num_339_0.json,Second British-Burmese,1852,1852,Extra-State War,Imperial (state vs non-state),0.0,229.0,2.0
war_num_556_0.json,First Turco-Montenegrin War,1852,1853,Intra-State War,Civil War (over local issues),0.0,,2.0
war_num_338_0.json,Ottoman-Yam,1851,1851,Extra-State War,Imperial (state vs non-state),0.0,79.0,2.0
war_num_555_0.json,First Chilean War,1851,1852,Intra-State War,Civil War (for central control),0.0,125.0,2.0
war_num_19_0.json,La Plata,1851,1852,Inter-State War,,0.0,199.0,2.0
war_num_554_5.json,Aleppo Revolt,1850,1850,Intra-State War,Civil War (over local issues),0.0,24.0,2.0
war_num_554_3.json,Third Bosnian War,1850,1851,Intra-State War,Civil War (over local issues),0.0,,2.0
war_num_337_0.json,Second British-Xhosa,1850,1852,Extra-State War,Colonial (conflict with colony),0.0,471.0,2.0
war_num_336_0.json,Chinese Pirates,1849,1849,Extra-State War,Imperial (state vs non-state),0.0,2.0,2.0
war_num_16_0.json,Roman Republic,1849,1849,Inter-State War,,0.0,63.0,4.0
war_num_10_0.json,Austro-Sardinian,1848,1848,Inter-State War,,0.0,138.0,4.0
war_num_334_0.json,First Dutch-Bali,1848,1848,Extra-State War,Imperial (state vs non-state),0.0,70.0,2.0
war_num_13_0.json,First Schleswig-Holstein,1848,1848,Inter-State War,,0.0,138.0,2.0
war_num_551_0.json,Milan Five Day Revolt,1848,1848,Intra-State War,Civil War (over local issues),0.0,5.0,2.0
war_num_549_0.json,Second French Insurrection,1848,1848,Intra-State War,Civil War (for central control),0.0,2.0,2.0
war_num_547_0.json,Second Two Sicilies War,1848,1848,Intra-State War,Civil War (for central control),0.0,17.0,2.0
war_num_550_0.json,Viennese Revolt,1848,1848,Intra-State War,Civil War (for central control),0.0,2.0,2.0
war_num_548_0.json, First Venezuela War,1848,1849,Intra-State War,Civil War (for central control),0.0,558.0,2.0
war_num_554_0.json,Hungarian War,1848,1849,Intra-State War,Civil War (over local issues),0.0,334.0,3.0
war_num_335_0.json,Second British-Sikh,1848,1849,Extra-State War,Imperial (state vs non-state),0.0,296.0,2.0
war_num_553_0.json,Mayan Caste War phase 2,1848,1855,Intra-State War,Civil War (over local issues),0.0,2390.0,2.0
war_num_545_0.json,Mayan Caste War phase 1,1847,1848,Intra-State War,Regional/Internal,0.0,579.0,2.0
war_num_546_0.json,Second Carlist War,1847,1849,Intra-State War,Civil War (for central control),0.0,714.0,2.0
war_num_332_0.json,Cracow Revolt,1846,1846,Extra-State War,Imperial (state vs non-state),0.0,16.0,4.0
war_num_333_0.json,First British-Xhosa,1846,1847,Extra-State War,Imperial (state vs non-state),0.0,616.0,2.0
war_num_7_0.json,Mexican-American,1846,1847,Inter-State War,,0.0,507.0,2.0
war_num_544_0.json,Patuleia War,1846,1847,Intra-State War,Civil War (for central control),0.0,266.0,3.0
war_num_543_0.json,Second Maronite-Druze War,1845,1845,Intra-State War,Intercommunal,0.0,31.0,2.0
war_num_331_0.json,First British-Sikh,1845,1846,Extra-State War,Imperial (state vs non-state),0.0,59.0,2.0
war_num_330_0.json,Franco-Moroccan,1844,1844,Extra-State War,Imperial (state vs non-state),0.0,35.0,2.0
war_num_326_0.json,British-Sind,1843,1843,Extra-State War,Imperial (state vs non-state),0.0,159.0,2.0
war_num_329_0.json,Gwalior,1843,1843,Extra-State War,Imperial (state vs non-state),0.0,1.0,2.0
war_num_327_0.json,Uruguay War,1843,1851,Extra-State War,Imperial (state vs non-state),0.0,3074.0,4.0
war_num_542_0.json,Karbala Revolt,1842,1843,Intra-State War,Civil War (over local issues),0.0,25.0,2.0
war_num_541_2.json,First Maronite-Druze War,1841,1841,Intra-State War,Intercommunal,0.0,37.0,2.0
war_num_539_0.json,Nish Uprising,1841,1841,Intra-State War,Civil War (over local issues),0.0,21.0,2.0
war_num_325_0.json,Peru-Bolivian,1841,1841,Extra-State War,Imperial (state vs non-state),0.0,40.0,2.0
war_num_540_0.json,Second Bosnian War,1841,1841,Intra-State War,Civil War (over local issues),0.0,,2.0
war_num_541_0.json,Triangular Revolt,1841,1841,Intra-State War,Civil War (for central control),0.0,36.0,2.0
war_num_538_0.json,First Argentina War phase 2,1841,1842,Intra-State War,Civil War (for central control),0.0,704.0,2.0
war_num_535_0.json,Lebanon Insurgency,1840,1840,Intra-State War,Regional/Internal,0.0,65.0,2.0
war_num_537_0.json,Third Syrian War,1840,1841,Intra-State War,Civil War (over local issues),0.0,130.0,3.0
war_num_536_0.json,First Colombian War,1840,1842,Intra-State War,Civil War (for central control),0.0,,2.0
war_num_533_0.json,Second Syrian War,1839,1839,Intra-State War,Civil War (over local issues),0.0,18.0,2.0
war_num_322_0.json,First British-Afghan,1839,1842,Extra-State War,Imperial (state vs non-state),0.0,1336.0,2.0
war_num_323_0.json,First Opium,1839,1842,Extra-State War,Imperial (state vs non-state),0.0,1090.0,2.0
war_num_324_0.json,First Franco-Algerian,1839,1847,Extra-State War,Imperial (state vs non-state),0.0,2974.0,2.0
war_num_321_0.json,First British-Zulu,1838,1838,Extra-State War,Imperial (state vs non-state),0.0,,2.0
war_num_532_5.json,Tampico Revolt,1838,1839,Intra-State War,Civil War (for central control),0.0,,2.0
war_num_532_7.json,Balaiada Revolt,1838,1841,Intra-State War,Civil War (over local issues),0.0,768.0,2.0
war_num_532_0.json,Druze Rebellion,1837,1838,Intra-State War,Regional/Internal,0.0,329.0,2.0
war_num_531_0.json,Sabinada Rebellion,1837,1838,Intra-State War,Civil War (over local issues),0.0,129.0,2.0
war_num_528_0.json,First Bosnian War,1836,1836,Intra-State War,Civil War (over local issues),0.0,,2.0
war_num_530_0.json,Third Murid War,1836,1852,Intra-State War,Civil War (over local issues),0.0,5771.0,2.0
war_num_525_5.json,Zacatecas Rebellion,1835,1835,Intra-State War,Civil War (for central control),0.0,3.0,2.0
war_num_527_0.json,Texan War,1835,1836,Intra-State War,Civil War (over local issues),0.0,201.0,2.0
war_num_525_0.json,Cabanos Revolt,1835,1837,Intra-State War,Civil War (over local issues),0.0,918.0,2.0
war_num_526_0.json,Farroupilha War,1835,1845,Intra-State War,Civil War (over local issues),0.0,3451.0,2.0
war_num_521_0.json,Palestinian Anti-Conscription Revolt,1834,1834,Intra-State War,Regional/Internal,0.0,,2.0
war_num_523_0.json,Second Murid War,1834,1834,Intra-State War,Civil War (over local issues),0.0,68.0,2.0
war_num_522_0.json,First Carlist War,1834,1840,Intra-State War,Civil War (for central control),0.0,2154.0,5.0
war_num_520_0.json,First Mexican War,1832,1832,Intra-State War,Civil War (for central control),0.0,356.0,2.0
war_num_520_5.json,Miguelite War,1832,1834,Intra-State War,Civil War (for central control),0.0,686.0,3.0
war_num_520_3.json,Cabanada War,1832,1835,Intra-State War,Civil War (for central control),0.0,,2.0
war_num_320_0.json,Ottoman-Bilmez-Asiri War,1832,1837,Extra-State War,Imperial (state vs non-state),0.0,,2.0
war_num_516_0.json,Egyptian Taka Expedition,1831,1831,Intra-State War,Regional/Internal,0.0,,2.0
war_num_517_0.json,First Polish War,1831,1831,Intra-State War,Civil War (over local issues),0.0,253.0,2.0
war_num_518_0.json,First Syrian War,1831,1832,Intra-State War,Civil War (over local issues),0.0,453.0,2.0
war_num_515_0.json,Belgian Independence War,1830,1830,Intra-State War,Civil War (over local issues),0.0,116.0,2.0
war_num_513_0.json,First French Insurrection,1830,1830,Intra-State War,Civil War (for central control),0.0,2.0,2.0
war_num_319_0.json,French Occupation of Algiers,1830,1830,Extra-State War,Imperial (state vs non-state),0.0,23.0,2.0
war_num_512_0.json,First Albanian Revolt,1830,1832,Intra-State War,Civil War (over local issues),0.0,,2.0
war_num_511_0.json,First Murid War,1830,1832,Intra-State War,Civil War (over local issues),0.0,966.0,2.0
war_num_317_0.json,Spanish Reconquest of Mexico,1829,1829,Extra-State War,Imperial (state vs non-state),0.0,57.0,2.0
war_num_4_0.json,First Russo-Turkish,1828,1829,Inter-State War,,0.0,506.0,2.0
war_num_508_0.json,Janissari Revolt,1826,1826,Intra-State War,Civil War (for central control),0.0,3.0,2.0
war_num_315_0.json,Brazil-Argentine,1826,1828,Extra-State War,Imperial (state vs non-state),0.0,1030.0,2.0
war_num_316_0.json,Russo-Persian,1826,1828,Extra-State War,Imperial (state vs non-state),0.0,518.0,2.0
war_num_314_0.json,British-Bharatpuran,1825,1826,Extra-State War,Colonial (conflict with colony),0.0,56.0,2.0
war_num_507_5.json,Greater Chechnya Revolt,1825,1826,Intra-State War,Civil War (over local issues),0.0,,2.0
war_num_313_0.json,Dutch - Javanese,1825,1830,Extra-State War,Colonial (conflict with colony),0.0,1709.0,2.0
war_num_507_0.json,Egypt-Mehdi War,1824,1824,Intra-State War,Regional/Internal,0.0,22.0,2.0
war_num_312_0.json,Liberation of Peru,1824,1825,Extra-State War,Colonial (conflict with colony),0.0,423.0,2.0
war_num_311_0.json,First British-Ashanti,1824,1826,Extra-State War,Imperial (state vs non-state),0.0,930.0,2.0
war_num_1_0.json,Franco-Spanish War,1823,1823,Inter-State War,,0.0,220.0,2.0
war_num_310_0.json,First British-Burmese,1823,1826,Extra-State War,Imperial (state vs non-state),0.0,884.0,2.0
war_num_503_0.json,Sardinian Revolt,1821,1821,Intra-State War,Civil War (for central control),0.0,59.0,3.0
war_num_308_0.json,Second Bolivar Expedition,1821,1822,Extra-State War,Colonial (conflict with colony),0.0,391.0,2.0
war_num_504_3.json,Sidon-Damascus War,1821,1822,Intra-State War,Regional/Internal,0.0,435.0,2.0
war_num_309_0.json,Turco-Persian,1821,1822,Extra-State War,Imperial (state vs non-state),0.0,,2.0
war_num_505_0.json,Spanish Royalists War,1821,1823,Intra-State War,Civil War (for central control),0.0,488.0,2.0
war_num_504_0.json,Greek Independence War,1821,1828,Intra-State War,Civil War (over local issues),0.0,2588.0,5.0
war_num_502_0.json,First Two Sicilies War,1820,1821,Intra-State War,Civil War (for central control),0.0,264.0,3.0
war_num_307_0.json,Ottoman Conquest of Sudan,1820,1821,Extra-State War,Imperial (state vs non-state),0.0,,2.0
war_num_502_1.json,Ali Pasha Rebellion,1820,1822,Intra-State War,Civil War (over local issues),0.0,,2.0
war_num_500_0.json,First Caucasus War,1818,1822,Intra-State War,Civil War (over local issues),0.0,,2.0
war_num_305_0.json,British-Kandyan,1817,1818,Extra-State War,Colonial (conflict with colony),0.0,,2.0
war_num_306_0.json,British-Maratha,1817,1818,Extra-State War,Colonial (conflict with colony),0.0,209.0,2.0
war_num_302_0.json,Liberation of Chile,1817,1818,Extra-State War,Colonial (conflict with colony),0.0,451.0,2.0
war_num_304_0.json,Mexican Independence,1817,1818,Extra-State War,Colonial (conflict with colony),0.0,139.0,2.0
war_num_303_0.json,First Bolivar Expedition,1817,1819,Extra-State War,Colonial (conflict with colony),0.0,851.0,2.0
war_num_300_0.json,Allied Bombardment of Algiers,1816,1816,Extra-State War,Imperial (state vs non-state),0.0,4.0,3.0
war_num_301_0.json,Ottoman-Wahhabi,1816,1818,Extra-State War,Imperial (state vs non-state),0.0,,2.0
